campaign_id,campaign_name,campaign_type,budget,spend,impressions,clicks,leads_generated,conversions,ROI,start_date,end_date
CMP00001,Q1 Referral Convert 2026 #1,Referral,6202.82,4233.05,347607,41239,4549,1125,,2024-10-03,2024-11-14
CMP00002,Winter Organic Boost 2026 #2,Organic,4370.72,3676.98,153697,11030,1971,199,35821.19,2024-02-21,2024-04-21
CMP00003,Q3 Google Ads Engage 2024 #3,Google Ads,97244.93,82204.13,7126,209,33,4,-54.08,2022-04-01,2022-06-21
CMP00004,Q4 Webinar Grow 2026 #4,Webinar,12592.68,7882.99,447534,67207,23700,6966,517776.59,2025-04-12,2025-05-30
CMP00005,Fall Email Maximize 2023 #5,Email,8935.29,8417.49,302394,9580,3581,279,48177.94,2022-11-03,2022-12-29
CMP00006,Q2 Webinar Engage 2024 #6,Webinar,24602.66,16640.51,222097,32227,9804,1261,70088.59,2023-12-16,2024-02-16
CMP00007,Q2 Webinar Maximize 2026 #7,Webinar,9656.54,8344.88,256728,44813,8891,1286,146889.94,2022-12-23,2027-07-19
CMP00008,Winter Email Grow 2024 #8,Email,3039.03,2368.08,209780,6568,1633,273,,2025-04-08,2025-05-05
CMP00009,Launch Google Ads Engage 2026 #9,Google Ads,15649.63,12453.26,76177,2538,699,72,5033.35,2024-08-03,2024-09-30
CMP00010,Launch LinkedIn Engage 2023 #10,LinkedIn,48590.52,37223.71,234941,1919,221,10,15.65,2022-03-14,2022-03-21
CMP00011,Re-engagement Events Engage 2024 #11,Events,102555.25,79439.74,184951,42010,15517,5576,56612.87,2024-10-23,2024-12-26
CMP00012,Launch Organic Scale 2024 #12,Organic,1953.78,1197.98,479307,30285,10564,1551,1642986.19,2023-02-05,2023-05-05
CMP00013,Spring Google Ads Accelerate 2025 #13,Google Ads,89981.33,55652.94,433193,13210,3976,254,4528.62,2025-02-01,2025-02-21
CMP00014,Q4 Webinar Grow 2024 #14,Webinar,4754.4,3222.83,363810,70933,25979,5007,1852483.53,2023-03-02,2023-03-21
CMP00015,Re-engagement Organic Convert 2026 #15,Organic,3488.33,2868.13,196011,9050,3030,230,64747.26,2023-06-29,2028-02-03
CMP00016,Re-engagement Events Convert 2024 #16,Events,32631.08,25106.59,187454,31972,7579,2863,120161.17,2022-07-02,2022-07-16
CMP00017,Fall Google Ads Maximize 2026 #17,Google Ads,55677.67,39277.75,184057,5858,1072,150,4956.04,2024-06-23,2024-09-19
CMP00018,Fall Referral Drive 2025 #18,Referral,8209.87,6256.76,222969,25248,3020,1017,211816.72,2022-12-12,2023-03-06
CMP00019,Awareness Email Grow 2025 #19,Email,2960.29,2245.72,322582,6546,985,70,38822.09,2024-02-05,2024-03-19
CMP00020,Q4 Email Drive 2026 #20,Email,4492.45,3723.15,13413,313,63,10,1320.69,2024-06-18,2024-09-08
CMP00021,Awareness Webinar Grow 2023 #21,Webinar,17467.95,19465.24,196871,35904,7866,1732,60218.9,2022-03-16,2022-06-03
CMP00022,Q2 LinkedIn Grow 2024 #22,LinkedIn,6401.24,6198.92,51245,384,104,7,435.94,2024-11-12,2025-01-02
CMP00023,Fall Webinar Engage 2026 #23,Webinar,18896.3,18790.68,437101,62558,21737,6328,308165.3,2022-12-25,2023-02-15
CMP00024,Q4 Events Drive 2026 #24,Events,135407.77,83483.97,337336,54923,12557,5309,87731.11,2023-01-19,2023-04-17
CMP00025,Spring Referral Boost 2023 #25,Referral,2489.44,2445.97,309086,24913,7246,1558,332837.37,2023-04-03,2023-04-16
CMP00026,Q1 Webinar Convert 2026 #26,Webinar,4710.31,4257.25,93278,13199,4298,832,240823.7,2024-10-03,2024-10-30
CMP00027,Q3 Email Scale 2026 #27,Email,3990.76,3418.9,54436,1276,438,38,8871.58,2025-11-28,2026-01-24
CMP00028,Summer Organic Maximize 2023 #28,Organic,2055.12,1978.85,323677,16443,3077,537,395183.78,2025-06-23,2025-08-29
CMP00029,ABM Events Accelerate 2023 #29,Events,111852.45,101204.99,479954,90181,14911,3826,55191.9,2022-07-24,2022-10-12
CMP00030,Awareness LinkedIn Boost 2023 #30,LinkedIn,23009.21,14093.3,182470,1752,268,11,,2025-08-30,2025-10-31
CMP00031,Nurture Events Scale 2023 #31,Events,57002.41,40795.52,480110,81410,23153,7533,148081.32,2023-02-17,2023-03-27
CMP00032,Nurture Referral Boost 2024 #32,Referral,1049.16,641.11,70346,7849,943,273,504904.04,2022-04-23,2022-05-22
CMP00033,Awareness LinkedIn Convert 2023 #33,LinkedIn,29826.12,18525.24,245703,1912,297,21,865.59,2024-02-10,2024-05-01
CMP00034,ABM Organic Grow 2023 #34,Organic,1125.69,789.42,11974,569,70,10,,2022-07-06,2022-09-09
CMP00035,Launch Email Drive 2025 #35,Email,11170.13,10306.26,141138,3814,1243,138,12107.74,2022-01-08,2022-03-29
CMP00036,Q1 Organic Boost 2023 #36,Organic,3408.39,2775.21,165326,12064,4253,415,49592.44,2023-03-15,2023-04-09
CMP00037,Retargeting Referral Drive 2026 #37,Referral,3695.85,3475.71,78791,5646,1596,379,150299.97,2022-12-26,2023-03-23
CMP00038,Re-engagement Webinar Scale 2025 #38,Webinar,14146.64,11143.74,314565,44052,10612,1642,81539.77,2022-03-30,2022-06-07
CMP00039,Winter Referral Convert 2024 #39,Referral,9019.42,8848.73,33950,3308,999,367,38317.4,2023-10-12,2023-11-04
CMP00040,Awareness Events Drive 2023 #40,Events,42968.43,42821.38,121107,26536,9295,3950,107607.38,2024-01-20,2024-03-22
CMP00041,Q2 Email Drive 2025 #41,Email,12508.22,9645.09,405395,10926,2873,358,41360.03,2022-12-30,2028-06-17
CMP00042,Q4 Organic Scale 2026 #42,Organic,1481.83,1194.72,418253,32014,12683,1969,1976349.09,2024-09-29,2024-11-24
CMP00043,Awareness Webinar Scale 2023 #43,Webinar,17449.71,13650.58,243111,29439,4452,787,31572.16,2023-03-05,2027-02-10
CMP00044,Summer Google Ads Maximize 2024 #44,Google Ads,15359.45,11775.93,175693,6791,1700,216,24703.16,2023-12-01,2023-12-08
CMP00045,Spring Email Maximize 2026 #45,Email,4215.38,5076.35,53600,1035,153,23,7432.54,2024-05-06,2024-07-06
CMP00046,Q2 Referral Boost 2025 #46,Referral,6136.21,5889.0,65768,7575,2691,884,115869.63,2022-06-24,2022-08-23
CMP00047,Fall Email Engage 2026 #47,Email,11043.31,7945.66,241328,4826,1166,150,14705.22,2025-09-07,2025-10-03
CMP00048,Launch Organic Engage 2023 #48,Organic,2753.54,2056.99,164084,7976,1331,220,100142.47,2025-12-14,2026-02-18
CMP00049,Q1 Webinar Boost 2023 #49,Webinar,6618.27,6596.94,407590,49976,7517,1224,167805.69,2023-09-22,2023-10-20
CMP00050,Q1 Email Scale 2026 #50,Email,7902.96,5854.52,361631,8261,868,78,6149.17,2024-05-11,2024-08-06
CMP00051,Retargeting Organic Accelerate 2023 #51,Organic,2818.58,2784.06,188776,10104,2302,471,117427.41,2024-08-27,2024-10-10
CMP00052,Summer Webinar Convert 2023 #52,Webinar,5362.43,4645.16,385908,55706,11537,1517,172722.59,2024-01-07,2024-03-16
CMP00053,Winter Webinar Maximize 2024 #53,Webinar,3110.19,2773.83,405017,69256,10281,2021,562709.22,2024-05-29,2024-06-10
CMP00054,Q4 Events Accelerate 2023 #54,Events,108454.22,103085.45,261116,39155,13062,5523,55399.77,2025-01-30,2025-03-10
CMP00055,Q2 Organic Accelerate 2024 #55,Organic,1263.73,962.83,105017,7004,2171,304,166621.62,2025-12-11,2026-02-27
CMP00056,ABM Organic Grow 2026 #56,Organic,4266.71,2782.71,349627,25389,2938,522,214104.7,2023-02-11,2023-05-02
CMP00057,Q4 LinkedIn Drive 2026 #57,LinkedIn,33725.78,27529.93,486453,3255,1202,116,4037.47,2025-05-22,2025-08-01
CMP00058,Winter Google Ads Engage 2024 #58,Google Ads,-82004.7,64601.49,247880,8717,1974,200,1173.09,2024-02-08,2024-04-06
CMP00059,Q2 Email Drive 2025 #59,Email,5221.79,4634.67,285480,6572,924,140,,2023-11-29,2024-01-11
CMP00060,Re-engagement Webinar Scale 2023 #60,Webinar,23331.43,21037.71,67078,12567,4867,1089,25584.32,2024-07-11,2024-10-08
CMP00061,Spring LinkedIn Accelerate 2026 #61,LinkedIn,25764.35,17228.57,349244,2407,352,38,712.94,2023-12-03,2024-03-02
CMP00062,ABM Organic Boost 2023 #62,Organic,650.41,621.65,293248,17968,5800,937,1104280.65,2024-12-22,2025-02-19
CMP00063,Q3 Referral Engage 2025 #63,Referral,4211.29,4017.49,347134,31555,12442,1874,281332.76,2025-12-15,2026-01-28
CMP00064,Winter Events Engage 2026 #64,Events,92890.82,65934.66,328738,52689,5326,2011,36998.93,2022-11-04,2023-01-21
CMP00065,Spring Google Ads Maximize 2024 #65,Google Ads,38214.68,25813.21,31231,800,220,23,1166.82,2025-08-02,2025-08-25
CMP00066,Q1 LinkedIn Maximize 2025 #66,LinkedIn,46376.43,41903.63,42777,280,109,7,-35.85,2023-09-23,2023-11-01
CMP00067,ABM Email Accelerate 2026 #67,Email,12173.55,10618.37,144927,3742,699,112,8510.32,2025-03-21,2025-06-15
CMP00068,Winter Organic Engage 2023 #68,Organic,2182.49,1727.05,260623,19670,4169,870,502775.6,2023-08-01,2023-10-15
CMP00069,Q3 Events Accelerate 2026 #69,Events,98538.68,85924.1,64362,9713,3461,972,5704.45,2022-08-05,2022-09-24
CMP00070,Nurture Organic Scale 2023 #70,Organic,2760.35,1973.46,305834,14971,5536,906,520659.7,2022-11-28,2023-01-17
CMP00071,Winter LinkedIn Boost 2025 #71,LinkedIn,-45817.35,30937.34,412542,3258,457,49,935.33,2022-04-23,2022-07-15
CMP00072,Launch LinkedIn Drive 2024 #72,LinkedIn,27396.35,27313.3,162561,947,366,18,613.99,2023-09-30,2023-12-19
CMP00073,Q1 Webinar Engage 2026 #73,Webinar,24511.93,18699.33,452104,73466,8018,2287,122178.99,2025-03-10,2025-06-05
CMP00074,Nurture Organic Maximize 2026 #74,Organic,1363.55,1096.78,204556,10339,2709,349,419808.32,2025-12-27,2026-03-05
CMP00075,Re-engagement Email Boost 2024 #75,Email,2170.08,1479.55,261524,6196,730,83,63759.59,2023-05-15,2023-05-31
CMP00076,Q4 Organic Scale 2024 #76,Organic,3611.71,2670.27,461706,28008,7880,1675,477148.61,2023-08-29,2023-09-24
CMP00077,Q3 Webinar Engage 2023 #77,Webinar,9646.25,9463.62,158285,27418,3192,506,,2024-10-12,2024-12-18
CMP00078,Winter Email Convert 2023 #78,Email,3446.17,3237.91,497955,14682,2218,144,25417.87,2025-02-14,2025-05-15
CMP00079,Q1 Events Drive 2025 #79,Events,176758.74,172297.84,179725,45154,12760,5345,45286.55,2024-04-27,2024-06-20
CMP00080,Summer Events Convert 2023 #80,Events,120107.77,72091.43,41694,7720,2024,519,4376.24,2023-04-11,2023-06-28
CMP00081,Q1 Referral Boost 2025 #81,Referral,6249.81,5406.46,94213,7488,2799,415,56168.81,2023-09-29,2023-11-16
CMP00082,Q1 Google Ads Maximize 2023 #82,Google Ads,96924.74,69199.62,32873,896,353,48,335.24,2025-12-30,2026-02-21
CMP00083,Launch Google Ads Boost 2025 #83,Google Ads,59007.2,56248.95,338311,14124,3068,435,10084.31,2024-02-16,2024-05-02
CMP00084,Q1 Organic Scale 2025 #84,Organic,-4857.38,3284.85,432133,25933,10345,1418,612646.57,2023-12-12,2024-03-08
CMP00085,Q3 Events Accelerate 2026 #85,Events,116412.13,101204.4,312728,69480,26969,10618,60376.58,2023-09-08,2023-10-16
CMP00086,ABM Webinar Accelerate 2024 #86,Webinar,4091.97,2593.25,357355,43526,16372,4404,1858645.57,2024-02-02,2024-02-22
CMP00087,Retargeting Email Drive 2023 #87,Email,7366.46,6491.24,434495,10839,1448,89,5691.98,2025-02-17,2025-04-20
CMP00088,Q4 Webinar Drive 2026 #88,Webinar,17215.14,16933.57,64437,8500,1445,274,7249.37,2023-10-30,2024-01-22
CMP00089,Nurture Organic Grow 2025 #89,Organic,1405.54,873.7,138124,6508,1362,130,221609.57,2022-09-17,2022-11-18
CMP00090,Nurture Webinar Maximize 2026 #90,Webinar,22459.84,17895.66,140951,15431,3364,794,18502.44,2025-12-24,2026-01-12
CMP00091,ABM Referral Accelerate 2025 #91,Referral,2998.33,1871.64,214034,23403,7272,2301,515456.17,2022-04-29,2022-06-28
CMP00092,Spring LinkedIn Maximize 2023 #92,LinkedIn,42928.45,41133.24,152749,1176,307,32,1023.63,2024-05-14,2024-06-30
CMP00093,Q3 LinkedIn Accelerate 2023 #93,LinkedIn,6470.88,4256.22,399707,2853,499,43,7108.67,2025-05-31,2025-07-11
CMP00094,Q1 Webinar Scale 2024 #94,Webinar,11680.77,9279.4,358965,51895,20557,3387,481068.42,2025-03-15,2025-05-11
CMP00095,Q4 Webinar Grow 2026 #95,Webinar,3905.49,3523.85,93851,17454,1940,486,46886.31,2024-09-19,2024-11-24
CMP00096,Q3 Referral Drive 2024 #96,Referral,7313.45,6460.52,390916,42527,6282,1120,129174.45,2022-08-04,2022-10-19
CMP00097,Nurture Webinar Scale 2023 #97,Webinar,14364.22,11310.13,341539,38070,12722,1893,70287.9,2022-10-17,2022-12-22
CMP00098,Retargeting LinkedIn Scale 2024 #98,LinkedIn,32471.45,20488.82,426443,4423,539,51,3252.71,2022-03-23,2022-04-13
CMP00099,Q2 Email Engage 2026 #99,Email,3006.22,2518.9,115151,3310,1192,86,14692.55,2025-05-11,2025-07-31
CMP00100,Awareness Organic Grow 2024 #100,Organic,2886.17,2097.24,114476,8749,1400,198,81159.68,2024-10-23,2025-01-07
CMP00101,ABM Referral Maximize 2026 #101,Referral,7901.12,5829.19,138822,10590,2996,682,95549.09,2023-06-20,2023-09-02
CMP00102,Q3 Google Ads Grow 2024 #102,Google Ads,87831.92,55020.33,101976,3013,1096,92,911.75,2025-07-20,2025-08-30
CMP00103,Spring Events Drive 2025 #103,Events,150507.36,137946.94,435588,98125,17140,2617,22612.18,2025-10-22,2025-12-11
CMP00104,Q4 Webinar Maximize 2024 #104,Webinar,3393.0,3177.88,9480,1098,197,24,10860.2,2022-12-24,2023-01-24
CMP00105,Nurture Webinar Drive 2026 #105,Webinar,18124.82,11626.23,452464,78604,21802,5265,670112.79,2024-04-19,2024-06-19
CMP00106,ABM Email Grow 2025 #106,Email,2031.9,1707.57,289009,7548,867,97,51021.9,2022-08-03,2022-10-04
CMP00107,Spring LinkedIn Drive 2025 #107,LinkedIn,48568.14,31861.33,188848,1946,697,57,958.6,2025-09-28,2025-11-08
CMP00108,Spring Email Convert 2025 #108,Email,11807.74,8882.57,232119,4470,1069,106,14826.76,2022-05-18,2022-08-11
CMP00109,Q1 Referral Boost 2026 #109,Referral,6764.27,6523.22,74481,6965,2715,873,175917.21,2023-06-18,2023-07-14
CMP00110,Re-engagement Google Ads Engage 2025 #110,Google Ads,52725.75,43607.33,435296,18416,5516,372,12481.19,2022-11-09,2023-01-19
CMP00111,Nurture Referral Scale 2023 #111,Referral,2772.81,2183.81,184933,14301,4453,735,139441.83,2023-10-22,2023-12-24
CMP00112,Q1 Referral Maximize 2023 #112,Referral,4273.72,3589.78,197378,15425,3665,1270,441453.37,2023-09-20,2023-12-08
CMP00113,Summer Organic Engage 2026 #113,Organic,4200.81,2631.11,193393,11534,2378,485,89832.53,2022-07-07,2022-09-17
CMP00114,Q4 Referral Boost 2024 #114,Referral,9819.45,8977.65,31161,3508,1316,275,24165.86,2025-03-01,2025-03-20
CMP00115,Q1 Organic Engage 2026 #115,Organic,545.63,491.28,390162,30186,5074,706,754267.81,2024-02-11,2024-02-21
CMP00116,ABM Referral Boost 2024 #116,Referral,8048.27,5931.24,344698,44052,10650,2711,642727.94,2024-04-24,2024-06-21
CMP00117,Q1 Email Accelerate 2023 #117,Email,13050.56,11745.53,304166,8657,2637,380,45298.35,2024-04-23,2024-06-09
CMP00118,Launch Organic Grow 2023 #118,Organic,3893.74,4773.29,344171,20035,4561,763,140019.24,2023-10-12,2023-12-19
CMP00119,Retargeting Events Maximize 2024 #119,Events,45278.95,27728.37,132914,19261,7569,2914,109758.91,2025-11-26,2026-01-17
CMP00120,Retargeting Email Convert 2023 #120,Email,7883.89,6615.3,440876,7942,931,143,10734.69,2025-05-24,2025-08-01
CMP00121,Spring Organic Grow 2023 #121,Organic,3805.53,3801.95,112025,7753,2981,437,158890.37,2024-05-11,2024-06-02
CMP00122,Launch Referral Grow 2026 #122,Referral,8760.5,7059.24,314492,36890,9170,2576,255138.7,2024-06-05,2024-08-26
CMP00123,Winter Referral Drive 2024 #123,Referral,2252.74,2128.74,168082,15066,3481,1209,479517.62,2022-09-29,2022-10-15
CMP00124,Launch Events Drive 2026 #124,Events,108006.92,74994.79,35222,7624,1124,310,4622.88,2022-11-17,2023-02-01
CMP00125,Spring Organic Maximize 2024 #125,Organic,2534.01,1972.89,209803,13870,2962,577,426502.77,2025-04-26,2025-05-09
CMP00126,Q1 Email Convert 2026 #126,Email,9114.97,6144.03,274451,5490,2057,159,29186.93,2022-02-11,2022-04-08
CMP00127,Awareness Events Drive 2026 #127,Events,24523.32,21420.55,253327,51496,12225,4541,126304.98,2024-03-27,2024-05-20
CMP00128,Fall Email Scale 2024 #128,Email,8102.56,6306.02,261962,5651,1995,193,39472.75,2023-09-03,2023-10-19
CMP00129,Spring Email Grow 2023 #129,Email,6010.07,5634.93,426491,12349,3805,385,64541.84,2024-06-26,2024-07-17
CMP00130,Launch Referral Engage 2023 #130,Referral,7120.68,4833.48,71131,7376,1357,451,49459.27,2025-08-14,2025-09-27
CMP00131,ABM Organic Grow 2025 #131,Organic,2838.0,1936.25,304187,21398,5464,1075,302597.83,2022-04-05,2022-06-05
CMP00132,ABM Events Boost 2023 #132,Events,53404.69,39085.81,53710,10806,2406,946,8264.68,2024-11-02,2024-11-13
CMP00133,Q2 Email Drive 2025 #133,Email,9043.47,7122.33,40433,869,190,29,3723.3,2025-03-12,2025-05-26
CMP00134,Q3 LinkedIn Scale 2024 #134,LinkedIn,30524.32,29316.57,384423,3691,915,60,741.6,2025-05-31,2025-07-26
CMP00135,Spring Referral Accelerate 2025 #135,Referral,9410.53,8439.08,38070,3219,1231,329,,2025-03-12,2025-06-05
CMP00136,Nurture Google Ads Engage 2023 #136,Google Ads,68708.72,61498.24,356188,13259,3029,256,3063.57,2025-12-05,2026-01-11
CMP00137,Q4 Referral Convert 2026 #137,Referral,-9129.9,7838.88,327264,36452,10027,1881,,2024-08-31,2024-11-18
CMP00138,Launch Webinar Maximize 2026 #138,Webinar,12434.13,9852.67,17552,3354,609,81,4756.24,2024-07-16,2024-09-15
CMP00139,Spring Email Engage 2025 #139,Email,12707.78,11077.59,166982,3202,1166,81,7526.58,2024-06-25,2024-07-08
CMP00140,Q4 Events Grow 2024 #140,Events,49125.58,34708.72,419545,81644,30117,10332,224681.23,2022-02-01,2022-03-04
CMP00141,Winter Email Maximize 2026 #141,Email,11032.8,7907.78,22480,527,126,16,2125.84,2023-07-03,2023-09-01
CMP00142,Summer Google Ads Convert 2023 #142,Google Ads,78756.03,56365.7,316760,10729,1355,114,1950.92,2022-02-23,2022-05-12
CMP00143,Summer Webinar Grow 2023 #143,Webinar,3769.22,2838.63,267003,32609,4843,1208,368535.93,2024-07-13,2024-09-26
CMP00144,Winter Referral Engage 2024 #144,Referral,8877.11,6592.3,297439,37215,14541,4207,343002.07,2022-08-18,2022-09-04
CMP00145,Summer Webinar Convert 2026 #145,Webinar,5040.35,3386.73,241391,31095,6229,1340,481189.88,2022-12-13,2023-02-10
CMP00146,Summer Webinar Drive 2024 #146,Webinar,15176.67,11696.56,396178,62681,12977,1814,135877.85,2023-08-27,2023-10-12
CMP00147,Launch Events Boost 2024 #147,Events,168679.19,149520.63,417083,102234,22272,6501,46125.89,2024-01-04,2024-02-17
CMP00148,Winter Google Ads Scale 2025 #148,Google Ads,15491.86,13990.96,325420,10303,3269,250,21999.0,2022-03-23,2022-06-19
CMP00149,Q2 Email Convert 2025 #149,Email,12192.62,9372.0,367926,10338,3999,568,88725.81,2025-03-11,2025-05-27
CMP00150,Launch Organic Scale 2025 #150,Organic,1974.13,1659.06,55070,3813,1108,237,101703.38,2023-07-23,2023-09-29
CMP00151,ABM Organic Maximize 2026 #151,Organic,2462.1,1494.42,417247,26186,9815,1232,1080148.91,2023-08-02,2023-09-29
CMP00152,ABM Organic Drive 2026 #152,Organic,2020.19,1787.48,111678,6000,1615,333,253215.82,2023-01-30,2023-04-26
CMP00153,Nurture Events Drive 2023 #153,Events,162575.76,146841.28,436201,71196,18864,7207,,2024-01-12,2024-04-10
CMP00154,Q1 Referral Scale 2024 #154,Referral,5667.58,6562.57,138922,10602,3676,792,132300.53,2023-08-21,2023-10-20
CMP00155,Spring Google Ads Maximize 2025 #155,Google Ads,91101.28,80615.11,232477,8855,2453,165,770.81,2023-03-19,2023-03-27
CMP00156,Fall Referral Convert 2023 #156,Referral,5455.51,4796.39,282738,30226,11550,2935,861608.23,2024-12-30,2025-02-20
CMP00157,ABM Referral Maximize 2024 #157,Referral,9755.03,8886.67,357255,41894,6770,2475,134302.88,2022-04-20,2022-05-06
CMP00158,Q2 Referral Drive 2025 #158,Referral,5191.55,4802.36,293113,21114,8037,1019,123650.41,2024-08-16,2024-09-14
CMP00159,Retargeting Referral Convert 2025 #159,Referral,7455.32,4474.89,321633,27221,3676,1377,337379.05,2022-05-24,2022-07-02
CMP00160,Fall Organic Convert 2023 #160,Organic,3345.47,3147.32,404375,21569,8098,1443,435834.93,2025-08-12,2027-08-31
CMP00161,Launch Email Grow 2026 #161,Email,8035.14,5733.94,408663,9963,1410,92,5155.9,2024-08-03,2024-10-15
CMP00162,Nurture Email Grow 2026 #162,Email,13555.37,10772.56,300081,5602,2033,352,15450.89,2025-06-06,2025-07-07
CMP00163,Summer LinkedIn Convert 2023 #163,LinkedIn,27141.8,26560.53,213544,1221,399,33,1654.12,2025-08-31,2025-11-05
CMP00164,Fall LinkedIn Accelerate 2025 #164,LinkedIn,25875.27,23418.26,194113,1595,267,18,207.47,2023-02-09,2023-03-21
CMP00165,Q3 Webinar Accelerate 2026 #165,Webinar,16683.66,12774.69,345292,41482,9386,1692,171273.68,2025-03-24,2025-05-23
CMP00166,Spring LinkedIn Engage 2024 #166,LinkedIn,46212.45,37006.11,465738,2998,392,38,456.69,2024-11-08,2025-01-12
CMP00167,Launch LinkedIn Maximize 2023 #167,LinkedIn,47321.02,45918.72,328267,2751,690,70,1680.23,2024-12-08,2025-01-22
CMP00168,Q4 Referral Scale 2024 #168,Referral,5580.73,3852.05,252020,26919,8291,1324,306078.06,2024-03-14,2028-05-04
CMP00169,Winter Organic Boost 2023 #169,Organic,3909.56,2698.15,331509,25485,4270,563,135564.62,2022-03-24,2022-06-10
CMP00170,Q1 Events Drive 2025 #170,Events,193264.94,149853.78,373430,64360,20242,3094,26712.33,2023-03-01,2023-03-15
CMP00171,Fall Events Accelerate 2024 #171,Events,161157.39,109674.58,260883,65736,16536,5164,,2022-05-13,2022-06-12
CMP00172,Q4 Email Boost 2024 #172,Email,2111.52,1884.05,175118,3788,1508,102,29662.06,2024-10-17,2024-12-11
CMP00173,Retargeting Events Grow 2023 #173,Events,83635.13,73266.17,238054,38689,5458,1170,18204.19,2024-02-23,2024-04-25
CMP00174,Retargeting Webinar Drive 2026 #174,Webinar,10448.73,8782.27,222936,33028,7385,1116,145058.99,2022-05-30,2022-06-06
CMP00175,Launch LinkedIn Boost 2023 #175,LinkedIn,18676.54,18346.28,246163,2420,554,58,1077.16,2023-12-03,2024-02-20
CMP00176,Nurture Email Grow 2026 #176,Email,4149.11,2708.11,168283,5438,822,59,23076.86,2025-03-12,2025-04-14
CMP00177,Launch Email Engage 2025 #177,Email,13299.57,13218.16,244215,5944,1666,179,18088.87,2023-02-14,2023-03-05
CMP00178,Spring Referral Maximize 2026 #178,Referral,9760.91,8364.49,60113,4621,1155,204,12247.88,2023-10-12,2024-01-10
CMP00179,Q3 LinkedIn Drive 2026 #179,LinkedIn,45233.87,45073.83,306934,2410,678,66,583.21,2023-09-22,2023-12-01
CMP00180,Fall Email Engage 2025 #180,Email,11560.07,8282.92,451438,8898,2853,475,77557.39,2025-05-27,2025-08-21
CMP00181,Q1 Organic Boost 2024 #181,Organic,1757.0,1576.89,445171,19879,3801,397,325501.19,2024-03-24,2024-04-17
CMP00182,Winter Referral Accelerate 2026 #182,Referral,6449.06,5600.85,346524,31133,11601,4210,901343.49,2023-02-27,2023-05-02
CMP00183,Q3 Events Grow 2025 #183,Events,68623.49,59795.46,476001,123034,33236,12947,282858.11,2025-06-12,2025-08-15
CMP00184,Winter Email Scale 2025 #184,Email,5994.13,3919.75,229722,5954,1465,173,62954.75,2025-06-22,2025-09-01
CMP00185,Launch Google Ads Accelerate 2026 #185,Google Ads,16286.81,14851.52,388295,10088,1817,137,9360.28,2023-04-30,2023-06-08
CMP00186,Q2 LinkedIn Accelerate 2024 #186,LinkedIn,34037.24,30273.71,170096,1718,539,35,1420.36,2024-05-05,2024-05-20
CMP00187,Re-engagement Referral Accelerate 2024 #187,Referral,4060.88,3256.74,409364,41617,6238,1623,153461.16,2023-11-28,2024-01-04
CMP00188,Winter Email Boost 2026 #188,Email,12123.36,10674.63,218008,4583,871,109,3452.85,2025-01-02,2025-02-23
CMP00189,Spring Webinar Maximize 2026 #189,Webinar,4509.04,3766.92,255388,35155,9634,2810,428365.72,2024-09-17,2024-11-14
CMP00190,Q3 Referral Convert 2023 #190,Referral,2379.14,1646.26,434808,50306,5377,1636,1394863.5,2025-08-12,2025-10-31
CMP00191,Winter Referral Convert 2023 #191,Referral,1103.35,759.57,89216,10689,4212,1185,572764.81,2023-11-10,2024-01-10
CMP00192,Q1 Webinar Scale 2023 #192,Webinar,21216.47,16221.76,278793,40869,8578,2362,157687.11,2022-01-20,2022-03-09
CMP00193,Nurture Webinar Convert 2026 #193,Webinar,19069.31,15198.54,469062,53966,13750,2705,199178.56,2022-11-26,2022-12-26
CMP00194,Q3 LinkedIn Convert 2026 #194,LinkedIn,15965.7,10248.98,487111,2920,906,103,4812.88,2023-01-19,2023-03-06
CMP00195,Launch Events Boost 2025 #195,Events,104441.14,64420.24,107108,15059,5657,1306,21658.33,2024-09-21,2024-11-20
CMP00196,Fall Webinar Grow 2026 #196,Webinar,7949.78,6106.87,322881,39319,13792,2949,240783.98,2022-06-14,2022-07-16
CMP00197,Q1 Email Drive 2026 #197,Email,12908.99,9166.29,393223,9995,3536,504,69096.79,2023-06-24,2023-07-19
CMP00198,Q3 LinkedIn Scale 2026 #198,LinkedIn,39216.29,31083.12,209434,2171,642,32,,2025-09-23,2025-10-30
CMP00199,ABM Google Ads Scale 2024 #199,Google Ads,17046.23,10967.07,188464,4712,1433,174,15474.42,2024-03-28,2024-06-18
CMP00200,Winter Email Convert 2026 #200,Email,9488.69,6328.3,167515,3547,598,72,3614.52,2024-12-21,2025-01-02
CMP00201,Fall Email Accelerate 2024 #201,Email,6276.09,4673.5,175496,4419,1474,209,37003.38,2023-10-25,2023-11-29
CMP00202,Nurture Google Ads Maximize 2025 #202,Google Ads,59232.02,40603.19,36791,962,138,14,76.85,2025-12-11,2026-01-30
CMP00203,Nurture Webinar Grow 2024 #203,Webinar,12024.67,8196.1,360642,39847,5449,669,28132.05,2023-03-19,2023-05-03
CMP00204,Fall Organic Convert 2024 #204,Organic,1130.79,771.27,128145,8527,2797,433,653930.51,2022-12-09,2023-01-01
CMP00205,Q2 Google Ads Convert 2025 #205,Google Ads,33264.24,24744.62,469220,14771,4517,274,11765.35,2022-09-24,2022-11-29
CMP00206,Q4 Google Ads Convert 2024 #206,Google Ads,67113.58,59977.99,229184,8450,1165,159,930.61,2023-09-27,2023-10-20
CMP00207,Retargeting Email Engage 2026 #207,Email,13656.12,13245.14,373135,8287,2615,163,7358.63,2024-01-15,2028-03-05
CMP00208,Spring Events Accelerate 2026 #208,Events,189304.96,168128.94,103880,26495,8824,3727,,2025-09-14,2027-09-12
CMP00209,Retargeting Referral Convert 2025 #209,Referral,6095.81,4482.19,204662,14383,4191,1486,473290.77,2025-07-25,2025-10-22
CMP00210,Q3 Events Drive 2025 #210,Events,32761.37,21991.43,121556,28587,10046,3819,151207.53,2023-01-30,2023-02-21
CMP00211,Awareness Email Engage 2026 #211,Email,11174.97,8757.09,263743,4790,700,125,13411.66,2024-09-14,2024-10-27
CMP00212,Retargeting Referral Accelerate 2025 #212,Referral,1259.14,1162.88,56464,5984,1804,544,450367.39,2025-09-16,2025-11-15
CMP00213,Q1 Webinar Accelerate 2023 #213,Webinar,13757.48,9084.74,164421,31133,11486,2271,158819.46,2024-06-27,2024-09-24
CMP00214,Spring Webinar Maximize 2024 #214,Webinar,7073.64,6414.33,307378,40800,5321,1122,203917.52,2024-04-14,2024-05-24
CMP00215,Retargeting LinkedIn Convert 2023 #215,LinkedIn,14259.94,12386.3,398207,2443,277,23,1644.85,2025-02-01,2025-04-18
CMP00216,Winter Organic Accelerate 2025 #216,Organic,4733.6,4451.47,384241,18475,3648,352,115772.6,2024-11-11,2024-12-13
CMP00217,Q1 Referral Maximize 2026 #217,Referral,7766.98,7238.59,291161,22095,5616,793,147693.81,2025-11-09,2026-01-04
CMP00218,Retargeting Events Accelerate 2025 #218,Events,98626.66,76406.5,144300,25407,4881,1637,30878.18,2022-06-27,2022-09-22
CMP00219,Launch Events Convert 2026 #219,Events,68386.99,46095.86,358514,68074,11563,3048,69500.58,2025-07-17,2025-08-10
CMP00220,Launch Events Accelerate 2026 #220,Events,85939.01,67465.84,14988,2972,798,295,2382.74,2025-10-13,2025-12-22
CMP00221,Spring LinkedIn Maximize 2025 #221,LinkedIn,44879.64,42810.4,167173,1070,331,18,201.24,2025-12-02,2026-02-23
CMP00222,Awareness Webinar Drive 2023 #222,Webinar,21453.64,19748.93,474238,91896,9930,1968,,2025-07-15,2025-08-10
CMP00223,Launch LinkedIn Grow 2024 #223,LinkedIn,12146.8,11177.54,91553,764,275,32,1180.79,2022-02-14,2022-05-14
CMP00224,Launch Organic Accelerate 2025 #224,Organic,2619.38,2142.14,485448,29299,5184,852,267717.98,2025-07-29,2025-10-08
CMP00225,Q4 Email Maximize 2026 #225,Email,7071.72,4404.9,328397,8321,1847,308,54324.06,2025-04-01,2025-06-29
CMP00226,Retargeting Email Grow 2024 #226,Email,12910.96,8251.07,437412,8641,3123,284,22184.34,2023-10-26,2023-11-08
CMP00227,Q4 Referral Grow 2023 #227,Referral,1746.71,1662.66,215249,19492,4731,1128,,2024-10-13,2024-10-24
CMP00228,Nurture Referral Convert 2024 #228,Referral,6414.19,5654.84,84720,10937,2471,554,120893.84,2023-02-02,2023-03-12
CMP00229,ABM Referral Accelerate 2026 #229,Referral,6497.15,4766.6,398491,36548,4676,1752,167658.04,2025-08-03,2025-08-20
CMP00230,Fall Referral Drive 2023 #230,Referral,8017.72,6811.63,92247,10759,3988,957,175472.13,2022-04-16,2022-07-02
CMP00231,Spring Events Boost 2026 #231,Events,116499.43,81210.64,63171,13093,4470,1437,12195.41,2023-02-03,2023-02-15
CMP00232,Q3 Events Engage 2026 #232,Events,22244.21,14403.3,278381,43580,13436,4223,335030.94,2023-12-20,2024-01-14
CMP00233,Launch Webinar Accelerate 2026 #233,Webinar,9622.26,8711.29,176851,22709,4514,569,83897.34,2024-02-09,2024-03-26
CMP00234,Retargeting Events Maximize 2026 #234,Events,123859.29,113634.93,456185,114388,40889,10756,100742.5,2024-11-17,2025-01-09
CMP00235,ABM Google Ads Engage 2026 #235,Google Ads,-68403.89,59590.34,384013,10598,3535,444,7778.07,2023-02-09,2023-03-02
CMP00236,Q3 Organic Drive 2026 #236,Organic,921.52,555.23,148036,7646,1167,228,492742.9,2025-01-10,2025-03-19
CMP00237,Q2 Referral Convert 2026 #237,Referral,2300.43,1955.08,379349,28207,9173,1335,824213.41,2022-05-11,2022-07-06
CMP00238,Q2 Email Grow 2026 #238,Email,3732.73,3236.46,91766,1786,198,30,7256.18,2023-05-09,2023-06-20
CMP00239,Launch Email Boost 2023 #239,Email,4945.93,4008.0,434256,10928,3175,396,140879.43,2023-03-03,2023-03-21
CMP00240,Q3 Email Boost 2025 #240,Email,-6135.31,4009.56,176982,3418,1142,97,16556.16,2025-05-02,2025-06-26
CMP00241,Awareness Email Boost 2026 #241,Email,3667.13,2509.66,299137,6182,1852,161,83660.23,2022-12-12,2023-01-08
CMP00242,Winter Google Ads Accelerate 2025 #242,Google Ads,46019.97,35876.43,349373,10954,3749,244,3572.67,2023-07-13,2023-08-13
CMP00243,Winter Events Scale 2025 #243,Events,195613.23,127799.55,84271,17556,3937,935,8285.08,2023-01-29,2023-04-01
CMP00244,Launch Events Engage 2024 #244,Events,114834.88,112907.62,315174,51219,7002,2203,7490.42,2023-04-01,2023-05-22
CMP00245,Nurture Google Ads Boost 2025 #245,Google Ads,92081.34,80440.27,14778,480,121,16,154.84,2024-02-06,2024-02-28
CMP00246,Q3 Webinar Boost 2023 #246,Webinar,6163.04,4703.27,240210,34429,5141,1104,153130.43,2022-06-25,2022-09-08
CMP00247,Fall Email Boost 2026 #247,Email,14779.9,10422.05,196192,5598,1967,179,12036.0,2023-11-20,2023-12-31
CMP00248,Q3 Referral Drive 2024 #248,Referral,-5695.82,3919.01,445369,51664,5346,1080,328537.12,2023-08-03,2023-09-19
CMP00249,Q1 Organic Accelerate 2025 #249,Organic,4329.54,3016.92,282076,14096,3508,490,127096.98,2025-07-05,2025-08-10
CMP00250,Winter Organic Engage 2024 #250,Organic,1880.9,1177.37,470099,21500,5160,983,502629.25,2022-11-16,2022-12-24
CMP00251,Winter LinkedIn Drive 2026 #251,LinkedIn,29561.03,27209.77,111456,786,282,15,371.15,2023-10-02,2027-07-22
CMP00252,ABM Organic Grow 2023 #252,Organic,2377.74,2160.48,363644,18823,5351,607,293300.98,2024-04-26,2024-07-23
CMP00253,Nurture Referral Maximize 2025 #253,Referral,2492.04,2206.19,364767,35989,8303,1680,356193.38,2025-09-10,2025-11-18
CMP00254,Fall Webinar Boost 2025 #254,Webinar,10678.68,9949.29,139321,23163,2787,677,58969.69,2025-11-13,2025-12-23
CMP00255,Summer LinkedIn Scale 2025 #255,LinkedIn,39772.39,38134.71,400630,3215,612,50,867.99,2022-07-07,2022-08-28
CMP00256,Awareness Referral Accelerate 2025 #256,Referral,7737.08,5450.46,270928,26816,7814,2389,403566.22,2022-09-11,2028-01-17
CMP00257,Summer Events Maximize 2026 #257,Events,170114.91,107899.26,410347,70940,8417,2857,23156.93,2023-05-17,2023-06-19
CMP00258,Q1 Referral Accelerate 2025 #258,Referral,8509.2,6374.87,348760,28304,5632,815,49285.89,2025-12-27,2026-01-13
CMP00259,Launch Google Ads Accelerate 2026 #259,Google Ads,43463.22,35369.85,31901,1184,206,30,1033.75,2023-12-24,2024-02-28
CMP00260,Spring Webinar Boost 2026 #260,Webinar,24074.77,14990.71,484348,54596,8656,2098,162546.27,2024-01-17,2024-03-04
CMP00261,Retargeting Organic Convert 2026 #261,Organic,912.25,651.43,233898,11581,3253,466,717771.17,2022-03-08,2022-05-31
CMP00262,Nurture LinkedIn Boost 2024 #262,LinkedIn,25759.63,23201.38,421913,3560,971,74,2667.99,2023-09-29,2023-12-21
CMP00263,Q3 Google Ads Accelerate 2026 #263,Google Ads,59873.99,41863.53,216971,6485,680,53,1552.62,2025-03-11,2025-05-14
CMP00264,ABM Referral Convert 2026 #264,Referral,9628.62,8690.9,168881,18062,7167,1737,98093.57,2025-04-11,2025-04-30
CMP00265,Q3 Organic Drive 2023 #265,Organic,2046.62,1521.65,478615,30498,5894,485,,2024-11-05,2024-12-27
CMP00266,Launch Webinar Maximize 2025 #266,Webinar,13518.51,13084.61,472325,90596,23309,2946,187925.69,2025-12-04,2026-01-06
CMP00267,Summer Events Grow 2023 #267,Events,168837.12,105692.72,208824,30062,11179,2138,15890.46,2024-07-11,2028-01-07
CMP00268,Launch Referral Maximize 2024 #268,Referral,6815.2,4368.12,455214,49417,18183,4036,754880.83,2022-11-13,2022-12-18
CMP00269,Spring Webinar Grow 2026 #269,Webinar,3184.65,3011.36,87979,13543,3916,1117,437465.85,2024-11-05,2024-12-09
CMP00270,Q2 Email Drive 2026 #270,Email,3340.01,2749.61,168944,4211,447,54,17218.45,2024-12-10,2025-01-28
CMP00271,Q3 LinkedIn Grow 2023 #271,LinkedIn,43887.44,28754.44,281598,2129,346,26,369.44,2022-09-02,2022-10-03
CMP00272,Spring Events Maximize 2024 #272,Events,69641.26,63988.35,24488,6100,1641,275,5671.73,2025-12-11,2026-01-02
CMP00273,Summer Events Boost 2026 #273,Events,162724.35,115613.86,239066,35167,12084,4488,32553.25,2024-01-14,2024-01-26
CMP00274,Launch Referral Grow 2025 #274,Referral,9883.51,7992.89,176368,22040,5400,907,64313.86,2024-05-25,2024-07-19
CMP00275,Q2 Webinar Convert 2024 #275,Webinar,8887.17,5501.47,10859,1141,391,41,4059.6,2025-11-28,2026-02-16
CMP00276,Re-engagement LinkedIn Accelerate 2023 #276,LinkedIn,34483.75,27755.43,224292,1671,288,16,720.26,2024-08-19,2024-10-22
CMP00277,Q2 Google Ads Scale 2023 #277,Google Ads,19480.38,14945.46,274457,9445,2168,181,6677.39,2023-11-07,2024-01-25
CMP00278,Q3 Referral Grow 2026 #278,Referral,7088.0,4616.72,217384,15413,3563,1136,320450.54,2024-09-10,2024-11-17
CMP00279,Spring Google Ads Maximize 2025 #279,Google Ads,55972.2,39341.02,206388,6938,2310,282,2685.45,2025-01-07,2025-02-27
CMP00280,Winter LinkedIn Accelerate 2024 #280,LinkedIn,43223.37,34398.13,46780,360,85,4,-23.63,2025-11-12,2026-02-05
CMP00281,Awareness Email Boost 2024 #281,Email,6534.2,4712.66,305867,7349,2405,325,78291.43,2022-03-22,2022-04-11
CMP00282,Re-engagement LinkedIn Maximize 2026 #282,LinkedIn,47255.91,35112.64,95277,918,168,16,141.03,2022-08-05,2022-10-28
CMP00283,Fall Referral Drive 2024 #283,Referral,5745.94,5339.83,392029,48163,9120,1749,178572.28,2022-07-20,2022-10-07
CMP00284,Winter Webinar Boost 2026 #284,Webinar,4396.75,4261.25,269801,51543,7460,1832,160066.56,2024-04-27,2024-07-05
CMP00285,Launch Google Ads Engage 2025 #285,Google Ads,38250.08,26401.98,105980,3021,647,52,1991.03,2023-10-08,2023-12-29
CMP00286,Q2 Organic Grow 2023 #286,Organic,3255.59,2318.6,116668,5507,2005,184,87578.94,2024-07-26,2024-08-30
CMP00287,Spring Events Accelerate 2025 #287,Events,164152.21,150804.2,494320,116981,34466,8127,41099.58,2024-10-11,2025-01-04
CMP00288,Fall LinkedIn Scale 2024 #288,LinkedIn,19650.89,13953.33,44520,417,124,10,904.54,2022-04-18,2022-05-31
CMP00289,Q3 Email Grow 2023 #289,Email,2566.14,1887.24,371006,7356,2526,249,93228.47,2024-05-04,2024-06-11
CMP00290,Q1 Referral Boost 2024 #290,Referral,8784.1,7854.11,207644,19087,5988,1960,273177.88,2023-08-03,2023-10-03
CMP00291,Retargeting Google Ads Convert 2023 #291,Google Ads,82467.43,64605.71,408821,12968,4879,436,6963.38,2023-08-07,2023-09-29
CMP00292,Q3 Webinar Accelerate 2023 #292,Webinar,13334.81,11964.05,208853,25934,7755,2009,147016.23,2025-11-04,2025-12-08
CMP00293,Summer Organic Engage 2026 #293,Organic,1559.93,1095.62,146088,9371,1750,198,160683.5,2025-06-30,2025-07-16
CMP00294,Q1 Email Grow 2026 #294,Email,4032.34,3947.08,312205,8719,1561,175,45904.43,2023-09-02,2023-10-15
CMP00295,Re-engagement Referral Maximize 2023 #295,Referral,9844.76,9403.82,453468,38986,12043,3839,540404.18,2025-08-20,2025-11-13
CMP00296,Q4 Events Boost 2023 #296,Events,115381.48,168556.28,160678,37941,12552,5443,20369.12,2023-04-24,2023-06-27
CMP00297,ABM Webinar Convert 2023 #297,Webinar,18456.82,11968.68,115075,21619,3156,498,22190.74,2024-01-09,2024-04-07
CMP00298,Retargeting Organic Accelerate 2025 #298,Organic,2433.43,1906.91,286164,21269,4091,434,253367.24,2022-06-05,2022-08-02
CMP00299,Retargeting Email Maximize 2025 #299,Email,9614.76,6791.54,134050,2925,697,57,3323.41,2025-01-21,2025-04-18
CMP00300,Awareness Google Ads Scale 2024 #300,Google Ads,93777.62,63299.64,471853,16304,1761,133,1081.9,2024-06-30,2024-08-31
CMP00301,Spring Webinar Convert 2024 #301,Webinar,7077.12,4529.46,172704,31141,10697,2244,496417.39,2023-04-09,2023-07-06
CMP00302,Launch Google Ads Grow 2024 #302,Google Ads,34905.41,33349.37,80720,3441,1067,100,2359.27,2025-10-31,2025-12-07
CMP00303,Fall Google Ads Boost 2025 #303,Google Ads,88353.25,78034.23,350393,12508,4998,457,4027.67,2022-09-14,2022-11-13
CMP00304,Fall Referral Grow 2023 #304,Referral,7191.72,4962.22,224471,26039,7942,2807,265165.56,2024-02-10,2024-04-09
CMP00305,Winter Organic Boost 2024 #305,Organic,2751.71,1930.71,141952,6279,957,123,60462.8,2025-03-27,2025-05-27
CMP00306,Summer Google Ads Boost 2026 #306,Google Ads,72317.12,57392.92,16900,768,86,4,-38.41,2025-05-08,2027-12-25
CMP00307,Re-engagement Organic Grow 2024 #307,Organic,3751.35,3141.71,8988,442,147,20,8214.16,2023-03-11,2023-04-05
CMP00308,Awareness Events Maximize 2023 #308,Events,96357.59,66457.49,473369,121044,12201,2978,60677.93,2025-12-20,2026-01-13
CMP00309,Q2 LinkedIn Drive 2023 #309,LinkedIn,7622.13,5412.86,25396,147,43,3,117.41,2024-05-14,2024-05-23
CMP00310,Summer Email Scale 2024 #310,Email,8655.07,6924.68,82500,1659,218,22,1703.18,2022-10-23,2022-12-03
CMP00311,Summer Webinar Engage 2024 #311,Webinar,18686.71,16364.52,478476,70993,13116,1515,83948.52,2024-10-21,2024-11-18
CMP00312,ABM Email Accelerate 2026 #312,Email,2112.49,2033.5,48425,953,122,21,9530.47,2022-04-22,2022-06-07
CMP00313,Q4 Organic Maximize 2025 #313,Organic,1110.06,1006.41,69311,4123,1509,256,223255.18,2022-07-31,2022-09-25
CMP00314,Re-engagement Organic Boost 2025 #314,Organic,2410.25,1985.7,474104,28573,9669,1495,800206.23,2024-10-09,2024-11-28
CMP00315,ABM LinkedIn Scale 2025 #315,LinkedIn,34108.5,21436.37,294759,2843,600,38,708.49,2022-03-04,2022-04-18
CMP00316,Fall Google Ads Boost 2023 #316,Google Ads,-35772.76,31961.06,33148,827,150,18,667.44,2022-11-06,2022-12-18
CMP00317,Q2 Organic Convert 2026 #317,Organic,2905.4,2021.34,133843,8465,1034,166,67863.32,2024-04-15,2024-07-13
CMP00318,Retargeting Google Ads Boost 2025 #318,Google Ads,18900.63,16688.18,129305,4296,530,36,2097.71,2025-09-11,2025-10-15
CMP00319,Nurture Email Drive 2025 #319,Email,3783.34,2802.18,492575,10995,3232,282,,2022-11-08,2023-01-15
CMP00320,Spring LinkedIn Boost 2024 #320,LinkedIn,27929.82,25089.84,447365,4492,1014,89,2987.63,2025-01-21,2025-02-13
CMP00321,Winter Google Ads Convert 2023 #321,Google Ads,13073.49,9153.89,15287,682,218,23,3623.52,2024-12-30,2025-01-29
CMP00322,Retargeting Google Ads Convert 2025 #322,Google Ads,89919.23,83433.06,239109,10668,2594,187,1539.07,2023-10-10,2023-10-31
CMP00323,Fall Events Drive 2023 #323,Events,134807.48,111623.46,133614,25944,4043,1001,9822.33,2022-04-07,2022-05-26
CMP00324,ABM Organic Maximize 2023 #324,Organic,3274.14,2842.72,10587,708,280,60,21085.18,2023-07-07,2023-09-09
CMP00325,Q2 Google Ads Engage 2025 #325,Google Ads,82795.61,58818.73,369604,15670,3613,512,8199.84,2023-08-16,2023-10-14
CMP00326,Winter LinkedIn Grow 2024 #326,LinkedIn,11813.17,11422.16,366348,3039,875,74,8687.77,2024-01-12,2024-03-28
CMP00327,Winter Events Grow 2026 #327,Events,136414.14,110141.7,423080,74168,21948,9865,57526.76,2024-05-27,2024-08-05
CMP00328,ABM LinkedIn Accelerate 2026 #328,LinkedIn,45753.9,28684.4,117474,949,243,14,525.76,2023-08-22,2023-10-06
CMP00329,Nurture Referral Accelerate 2026 #329,Referral,7490.37,6577.21,431590,34104,6351,1795,339173.47,2023-02-02,2023-03-20
CMP00330,Re-engagement Events Convert 2025 #330,Events,119852.86,98254.48,306795,58801,16739,3964,29544.81,2025-02-18,2025-05-01
CMP00331,ABM Webinar Grow 2024 #331,Webinar,8591.08,7049.24,161283,18615,4454,795,78960.79,2023-11-13,2023-12-27
CMP00332,Retargeting Organic Maximize 2023 #332,Organic,2035.07,1793.75,197210,8963,3558,418,292642.02,2022-08-18,2022-09-08
CMP00333,Q4 Google Ads Accelerate 2026 #333,Google Ads,53640.44,38541.97,170751,6383,2077,180,4569.43,2024-04-23,2024-05-27
CMP00334,Q1 Referral Scale 2025 #334,Referral,2337.17,2255.66,334671,32964,11769,1614,1060333.97,2025-10-15,2025-12-08
CMP00335,Q4 Referral Drive 2026 #335,Referral,4152.88,3441.18,315123,33688,4366,589,,2025-05-14,2025-05-24
CMP00336,Q1 Events Engage 2025 #336,Events,186285.83,157167.26,121411,17089,2549,1078,7645.83,2022-09-21,2022-11-23
CMP00337,Spring Referral Boost 2024 #337,Referral,-1454.13,1171.33,389915,42975,14518,1979,1255270.21,2022-12-21,2023-02-13
CMP00338,Summer LinkedIn Drive 2024 #338,LinkedIn,48978.14,41901.81,453002,4704,855,90,1536.71,2024-11-02,2025-01-07
CMP00339,Nurture Webinar Boost 2025 #339,Webinar,23510.97,15250.3,117454,16141,2127,544,32498.76,2024-02-06,2024-04-03
CMP00340,Re-engagement Organic Maximize 2024 #340,Organic,3814.76,3705.32,126367,7267,2080,349,47683.43,2022-04-22,2027-02-21
CMP00341,Winter LinkedIn Convert 2026 #341,LinkedIn,5547.56,4226.48,206722,1201,263,26,6126.66,2023-06-08,2023-07-10
CMP00342,ABM LinkedIn Scale 2024 #342,LinkedIn,9615.01,6455.69,87163,507,196,9,425.35,2025-11-28,2025-12-24
CMP00343,Awareness Webinar Maximize 2025 #343,Webinar,4127.93,3946.62,187173,29286,9192,2279,389232.2,2023-10-02,2023-11-11
CMP00344,Retargeting Email Maximize 2026 #344,Email,4248.32,3463.55,479561,10344,3274,554,183908.76,2022-10-04,2022-12-27
CMP00345,Q3 Referral Accelerate 2025 #345,Referral,8480.1,6829.39,306138,31681,9337,1640,140028.56,2022-05-03,2022-07-28
CMP00346,Q2 LinkedIn Accelerate 2023 #346,LinkedIn,39177.84,28083.61,41219,303,116,6,-23.98,2025-04-22,2025-05-22
CMP00347,Winter Organic Accelerate 2023 #347,Organic,3087.78,2138.86,439970,24106,5907,917,619329.49,2024-07-28,2024-09-01
CMP00348,ABM Events Maximize 2025 #348,Events,52802.68,34490.41,346886,53692,10155,4162,73154.14,2025-04-15,2025-06-02
CMP00349,Q1 LinkedIn Convert 2025 #349,LinkedIn,-30375.87,19590.24,394149,2471,429,48,2192.92,2025-07-03,2025-07-31
CMP00350,Summer Events Boost 2023 #350,Events,41651.7,37389.07,275254,59856,16671,7026,139529.66,2023-10-01,2023-12-21
CMP00351,Winter Referral Convert 2024 #351,Referral,7834.83,5676.67,483656,60096,7811,1574,320553.66,2024-10-02,2028-07-02
CMP00352,Retargeting Email Scale 2026 #352,Email,7661.83,5311.49,401587,10963,1285,185,30394.1,2023-06-07,2023-08-19
CMP00353,Q3 Events Convert 2023 #353,Events,167683.17,249228.54,20557,4718,1833,811,9464.93,2023-09-22,2023-10-31
CMP00354,Re-engagement LinkedIn Scale 2026 #354,LinkedIn,18800.44,12947.07,257708,1467,239,17,1029.5,2024-08-30,2024-11-08
CMP00355,Re-engagement Email Engage 2025 #355,Email,9861.98,7982.39,388362,8306,2734,283,37967.49,2025-02-09,2025-02-22
CMP00356,Re-engagement Email Accelerate 2023 #356,Email,4589.25,3157.75,450218,14044,3977,418,140609.62,2024-03-12,2024-06-02
CMP00357,Q4 Organic Scale 2026 #357,Organic,4245.32,3319.35,326079,18163,6519,1402,383685.84,2022-11-08,2022-12-20
CMP00358,Spring Referral Accelerate 2026 #358,Referral,-3014.11,2611.36,493971,42924,15299,2587,483566.53,2022-01-14,2022-03-19
CMP00359,Spring Organic Engage 2025 #359,Organic,2991.44,1949.9,103992,6753,1795,213,44278.95,2022-10-23,2023-01-13
CMP00360,Q2 Events Grow 2026 #360,Events,157251.33,117305.15,20735,5099,863,165,,2022-01-07,2022-03-25
CMP00361,Q4 Events Maximize 2024 #361,Events,177402.24,120025.84,427317,96761,19207,3154,25805.76,2023-10-28,2024-01-13
CMP00362,ABM Events Drive 2024 #362,Events,45958.64,37780.1,170503,29791,11636,3913,89002.71,2024-05-16,2024-07-04
CMP00363,Launch Email Grow 2023 #363,Email,3382.63,2061.62,275395,8668,2380,296,43314.09,2023-07-26,2027-12-08
CMP00364,Re-engagement Organic Maximize 2025 #364,Organic,2871.11,2820.32,459677,26166,6440,1420,337304.92,2025-12-08,2026-01-01
CMP00365,Launch Google Ads Scale 2023 #365,Google Ads,69053.34,49355.43,144106,5257,2022,205,2438.91,2022-04-16,2022-05-13
CMP00366,Q2 LinkedIn Convert 2023 #366,LinkedIn,16324.24,15796.43,404729,3807,1522,95,5689.09,2025-11-15,2025-12-26
CMP00367,Re-engagement Referral Boost 2025 #367,Referral,6187.23,5812.47,281149,28385,9201,1570,,2025-03-10,2025-04-21
CMP00368,Q3 Events Drive 2023 #368,Events,64678.81,52597.63,196424,31760,12394,4689,65300.72,2025-09-07,2025-11-05
CMP00369,Q1 Organic Accelerate 2025 #369,Organic,895.69,794.1,120433,7196,2625,332,400869.34,2024-01-19,2024-03-30
CMP00370,Nurture LinkedIn Drive 2026 #370,LinkedIn,47263.28,39316.4,45233,276,47,5,18.74,2023-02-18,2023-04-09
CMP00371,Re-engagement Email Convert 2025 #371,Email,3912.51,2975.35,269726,5932,1345,223,89331.52,2024-11-24,2024-12-15
CMP00372,Awareness Webinar Convert 2025 #372,Webinar,24213.69,14858.65,380560,40122,4466,758,58996.96,2022-08-19,2022-09-14
CMP00373,Summer LinkedIn Drive 2025 #373,LinkedIn,40979.04,36338.89,298612,2565,959,93,1069.87,2024-12-28,2025-02-27
CMP00374,Q3 Webinar Maximize 2024 #374,Webinar,16319.15,10217.68,354114,38703,9375,1902,266222.5,2023-08-21,2023-10-30
CMP00375,Fall Email Engage 2026 #375,Email,10132.66,8603.57,192225,3793,764,93,14187.45,2024-04-02,2024-04-20
CMP00376,Winter Email Engage 2024 #376,Email,14064.71,9335.17,58978,1772,337,30,1701.88,2023-05-01,2023-06-21
CMP00377,Q1 Organic Scale 2026 #377,Organic,855.53,652.61,95767,4437,1200,222,308936.38,2022-07-25,2022-09-25
CMP00378,Q4 Google Ads Convert 2023 #378,Google Ads,93203.23,66067.29,458303,19661,3207,451,9768.14,2022-04-10,2022-06-10
CMP00379,Q2 LinkedIn Convert 2025 #379,LinkedIn,40470.63,31050.2,339514,3140,1098,66,2712.01,2023-05-11,2023-06-04
CMP00380,ABM Google Ads Scale 2023 #380,Google Ads,75042.68,45660.07,240959,7270,1257,182,3990.77,2023-04-17,2023-06-11
CMP00381,Re-engagement Referral Scale 2025 #381,Referral,2109.42,1735.94,196400,17355,4766,1643,1380895.47,2022-03-07,2022-04-16
CMP00382,Q2 Google Ads Maximize 2025 #382,Google Ads,18325.76,17495.93,235262,6215,2163,147,8476.87,2022-05-07,2022-07-27
CMP00383,Nurture Email Grow 2025 #383,Email,8629.9,6049.01,158938,3107,929,166,27249.42,2022-05-19,2022-08-08
CMP00384,Launch Referral Grow 2026 #384,Referral,6667.0,5892.14,479392,44604,16055,2410,313824.63,2022-08-17,2022-10-14
CMP00385,Nurture LinkedIn Convert 2026 #385,LinkedIn,46152.02,36241.71,240826,2303,845,64,1030.7,2025-11-15,2026-01-22
CMP00386,Nurture Organic Convert 2025 #386,Organic,3719.44,3678.99,129377,5771,854,89,33798.33,2025-02-06,2027-01-25
CMP00387,Spring LinkedIn Accelerate 2024 #387,LinkedIn,37863.03,23928.37,422184,3948,767,69,3581.61,2025-10-24,2025-12-15
CMP00388,Retargeting Email Boost 2026 #388,Email,-3796.45,3181.44,305264,8623,1032,126,37178.57,2022-06-18,2022-07-10
CMP00389,Fall Webinar Accelerate 2024 #389,Webinar,20294.52,17800.1,404867,65600,15385,3518,94564.71,2023-12-31,2024-01-15
CMP00390,Q4 Webinar Engage 2023 #390,Webinar,9519.43,6752.23,219427,37093,14212,3111,309488.01,2023-12-27,2024-01-31
CMP00391,Q2 Events Boost 2024 #391,Events,157489.63,134602.57,138075,26468,10149,1989,8216.85,2023-10-05,2023-10-31
CMP00392,Q4 Events Accelerate 2026 #392,Events,165030.0,127924.53,318886,48115,14707,2295,10876.07,2023-07-23,2023-10-17
CMP00393,Q1 Webinar Grow 2025 #393,Webinar,21960.42,19652.91,15116,1797,301,33,528.81,2025-11-11,2025-12-09
CMP00394,Winter Organic Boost 2026 #394,Organic,3291.97,2382.27,249874,15569,5205,995,590267.69,2022-08-26,2022-11-24
CMP00395,Nurture Webinar Drive 2024 #395,Webinar,22749.19,17867.09,14753,2242,821,244,12709.69,2023-01-15,2023-03-09
CMP00396,Winter Events Grow 2026 #396,Events,144451.99,115586.35,47952,12266,2248,408,2127.9,2025-10-02,2025-10-25
CMP00397,Spring Referral Scale 2026 #397,Referral,7145.77,5012.03,439914,33855,8810,2602,398120.09,2022-11-03,2022-12-22
CMP00398,Q2 LinkedIn Scale 2025 #398,LinkedIn,23400.51,15023.7,185434,1507,447,42,2043.85,2024-12-08,2025-02-05
CMP00399,Q4 Organic Scale 2024 #399,Organic,656.25,475.66,50099,3159,922,112,272988.41,2023-10-08,2023-12-21
CMP00400,Q2 Events Grow 2023 #400,Events,169134.86,130300.6,394013,91837,18986,7309,47539.59,2025-04-27,2025-05-04
CMP00401,Fall Webinar Boost 2023 #401,Webinar,20851.56,16925.71,257628,43451,7480,1834,127584.18,2022-07-27,2022-09-14
CMP00402,Q4 LinkedIn Drive 2024 #402,LinkedIn,28673.43,18453.19,270195,2594,881,48,1901.81,2024-04-11,2024-07-06
CMP00403,Awareness Referral Boost 2023 #403,Referral,2463.24,2076.29,96914,7118,1963,538,227461.44,2024-02-10,2024-04-12
CMP00404,Q3 Google Ads Scale 2023 #404,Google Ads,40186.71,34642.57,310091,11538,3380,173,6047.7,2022-09-15,2028-05-08
CMP00405,Q2 Events Drive 2026 #405,Events,92850.39,79277.13,191624,29620,3126,1349,22948.18,2023-12-16,2024-03-03
CMP00406,Q3 Webinar Scale 2024 #406,Webinar,14715.07,13209.77,462353,69314,26019,7520,662880.02,2024-08-01,2024-10-12
CMP00407,Nurture LinkedIn Grow 2024 #407,LinkedIn,27271.47,21737.94,308394,2601,755,72,925.69,2024-04-22,2024-07-02
CMP00408,Spring Webinar Maximize 2023 #408,Webinar,24630.27,18250.29,327319,45098,6168,1000,75910.42,2025-07-09,2025-08-13
CMP00409,Q2 Email Grow 2026 #409,Email,13816.63,12510.56,44064,941,165,23,941.68,2023-03-28,2023-04-04
CMP00410,Awareness Events Accelerate 2025 #410,Events,81487.03,65713.37,445208,68932,26222,5210,33828.5,2025-11-20,2026-02-09
CMP00411,Q1 Referral Drive 2026 #411,Referral,9425.32,9339.28,108241,8807,2512,730,86265.74,2023-10-05,2023-12-03
CMP00412,ABM Email Maximize 2026 #412,Email,8123.48,5818.92,245038,7746,2026,318,48268.43,2022-04-07,2022-05-10
CMP00413,Retargeting Webinar Maximize 2023 #413,Webinar,7375.79,5589.92,162006,26285,4922,789,135763.33,2025-09-06,2025-10-21
CMP00414,Q1 LinkedIn Scale 2025 #414,LinkedIn,5162.62,5140.04,316793,2511,259,16,2159.99,2025-12-28,2026-03-14
CMP00415,Q2 Webinar Drive 2023 #415,Webinar,24297.0,24223.65,102723,15408,5644,826,38792.07,2025-07-04,2025-08-06
CMP00416,Q3 Organic Accelerate 2026 #416,Organic,1320.2,1195.48,289996,17932,3170,436,366497.25,2025-06-23,2025-07-15
CMP00417,Awareness Organic Scale 2025 #417,Organic,3482.96,2629.77,204033,15624,4150,647,166609.33,2024-09-09,2024-10-21
CMP00418,Winter Organic Drive 2024 #418,Organic,4315.6,3434.14,327518,17933,5623,1191,197925.76,2024-08-14,2024-11-07
CMP00419,Awareness Webinar Engage 2023 #419,Webinar,11281.22,7459.2,373422,58044,15489,3275,352080.75,2025-02-03,2025-03-26
CMP00420,Q4 Email Grow 2025 #420,Email,-13098.45,9102.53,499044,12393,4575,379,25186.67,2025-07-13,2025-08-01
CMP00421,Q1 Organic Scale 2025 #421,Organic,4662.98,3125.97,490123,33479,3422,680,209869.7,2023-11-17,2024-01-10
CMP00422,Launch Google Ads Maximize 2025 #422,Google Ads,14631.34,9477.18,158283,6624,876,57,4392.71,2024-06-22,2024-08-06
CMP00423,Winter LinkedIn Accelerate 2023 #423,LinkedIn,35893.33,27083.37,175103,1364,380,30,1351.66,2023-06-25,2023-09-18
CMP00424,ABM Google Ads Drive 2026 #424,Google Ads,94317.19,93279.85,325609,11636,1415,152,2218.82,2025-09-14,2025-10-15
CMP00425,Winter LinkedIn Convert 2025 #425,LinkedIn,29385.39,23187.29,129564,1247,497,21,1123.23,2025-01-02,2025-01-26
CMP00426,Launch Organic Maximize 2025 #426,Organic,2841.23,2752.62,481325,30304,6141,516,,2025-08-19,2025-09-10
CMP00427,Winter Email Convert 2025 #427,Email,11860.68,8486.04,242359,6932,1745,243,15178.14,2022-09-21,2022-11-15
CMP00428,Summer Referral Convert 2024 #428,Referral,5898.14,5395.39,158510,15935,3148,829,89188.92,2025-04-25,2025-06-03
CMP00429,Launch Google Ads Scale 2023 #429,Google Ads,23061.57,18606.68,451244,18991,4729,563,,2025-07-29,2025-10-02
CMP00430,Spring Referral Maximize 2024 #430,Referral,3572.91,2746.27,44591,5173,1119,258,30117.26,2023-11-24,2024-01-07
CMP00431,Re-engagement LinkedIn Boost 2024 #431,LinkedIn,31413.91,28766.72,37257,347,126,5,51.07,2025-01-04,2025-03-16
CMP00432,Re-engagement Google Ads Engage 2026 #432,Google Ads,45967.94,32427.54,37401,1412,168,12,248.09,2022-04-13,2022-05-25
CMP00433,Q2 Events Maximize 2026 #433,Events,140645.97,117793.96,193892,44762,14778,3606,43184.27,2025-11-30,2026-01-01
CMP00434,Launch Referral Accelerate 2023 #434,Referral,9562.77,7162.37,429778,53671,6511,1090,108022.67,2025-05-09,2025-06-28
CMP00435,Q2 Organic Scale 2025 #435,Organic,3801.19,3093.12,260663,17534,5548,1054,428140.85,2025-01-01,2025-02-10
CMP00436,Q3 Events Accelerate 2026 #436,Events,30040.1,22878.75,413294,105930,20587,5690,365428.54,2022-08-21,2022-11-02
CMP00437,Winter LinkedIn Boost 2023 #437,LinkedIn,39941.71,32558.71,489529,2882,416,25,160.03,2022-04-16,2022-06-17
CMP00438,ABM Email Accelerate 2024 #438,Email,14724.51,16665.4,196716,6171,1711,210,20399.92,2025-12-13,2026-02-21
CMP00439,ABM Email Maximize 2025 #439,Email,12293.72,8712.18,425630,10761,2120,192,25846.28,2023-06-29,2023-07-15
CMP00440,Re-engagement Google Ads Boost 2024 #440,Google Ads,31607.6,21891.64,184557,8143,1425,171,7910.66,2022-01-27,2022-02-13
CMP00441,Awareness Events Maximize 2026 #441,Events,-73884.46,54529.01,397222,91344,18725,5619,47700.27,2024-05-11,2024-07-05
CMP00442,Re-engagement LinkedIn Convert 2024 #442,LinkedIn,6711.18,4606.83,476116,3138,428,51,9209.49,2023-11-29,2023-12-07
CMP00443,Q3 Email Boost 2025 #443,Email,13309.77,9655.99,202397,4358,636,41,4359.75,2025-08-01,2025-10-11
CMP00444,Q3 LinkedIn Maximize 2025 #444,LinkedIn,42778.14,33501.67,78538,685,192,20,488.0,2023-10-16,2023-11-14
CMP00445,Summer LinkedIn Convert 2026 #445,LinkedIn,31325.57,23317.02,46703,345,92,5,219.41,2022-07-05,2022-09-07
CMP00446,Retargeting Email Engage 2026 #446,Email,5512.71,4607.52,459877,8936,2109,287,37179.06,2023-12-14,2024-03-05
CMP00447,Winter Email Drive 2026 #447,Email,7321.91,6698.02,162059,3859,1532,110,9279.14,2022-04-21,2022-05-04
CMP00448,Q4 LinkedIn Boost 2026 #448,LinkedIn,19123.44,17838.45,114795,1093,260,11,427.38,2024-12-26,2025-01-28
CMP00449,Q4 Webinar Drive 2024 #449,Webinar,23931.84,22643.96,436146,66440,25009,5725,347389.5,2022-03-19,2022-04-24
CMP00450,Fall Webinar Drive 2024 #450,Webinar,3024.91,1865.58,35495,4501,660,75,20110.41,2022-12-01,2023-02-28
CMP00451,ABM Organic Convert 2023 #451,Organic,3965.52,2854.21,321939,19601,5573,1184,331909.9,2022-08-28,2022-11-24
CMP00452,Launch Referral Drive 2026 #452,Referral,8423.98,5562.94,216773,16850,1710,374,71400.47,2023-08-30,2023-09-14
CMP00453,Q4 Google Ads Scale 2024 #453,Google Ads,40342.99,32535.21,396768,9800,2444,309,7974.73,2024-02-10,2024-04-05
CMP00454,Q2 Referral Drive 2026 #454,Referral,7078.36,5288.75,307063,34070,5655,755,210669.97,2024-05-19,2024-05-28
CMP00455,Launch Organic Accelerate 2025 #455,Organic,3955.13,3712.81,240161,16142,2201,414,68775.75,2022-01-20,2022-03-05
CMP00456,Winter Events Scale 2024 #456,Events,96052.95,68311.48,454302,82725,10422,2477,30708.86,2024-02-14,2024-03-01
CMP00457,Spring Referral Engage 2025 #457,Referral,-6319.13,5121.62,189726,24008,8423,2889,397545.59,2023-05-20,2023-07-20
CMP00458,Q1 Organic Boost 2025 #458,Organic,3556.92,2984.04,322122,18927,2460,288,79093.57,2022-03-18,2022-05-04
CMP00459,Nurture LinkedIn Convert 2024 #459,LinkedIn,29246.58,26763.23,416093,2803,925,70,3539.04,2025-10-12,2025-11-08
CMP00460,Q2 Webinar Drive 2024 #460,Webinar,3586.19,3103.73,79309,9467,1839,417,106525.58,2025-05-03,2025-07-25
CMP00461,Retargeting Organic Engage 2026 #461,Organic,2722.04,1824.19,84172,5922,1066,237,167471.16,2023-05-31,2023-06-16
CMP00462,Q1 LinkedIn Maximize 2025 #462,LinkedIn,27524.34,25168.93,268277,2321,303,34,381.03,2022-10-09,2022-10-31
CMP00463,Summer Events Accelerate 2023 #463,Events,80015.07,64209.99,29471,4735,1291,522,3089.34,2023-10-23,2023-11-14
CMP00464,Spring Email Convert 2026 #464,Email,11378.46,8867.71,97714,2776,919,144,17578.5,2023-07-06,2023-08-17
CMP00465,ABM Webinar Convert 2026 #465,Webinar,11672.53,7576.92,489950,78922,29026,2952,281753.41,2024-11-12,2025-01-22
CMP00466,Winter Webinar Drive 2025 #466,Webinar,9245.2,11728.19,83327,11947,2982,314,,2022-02-25,2022-05-01
CMP00467,Fall Referral Engage 2025 #467,Referral,7799.42,6395.96,74183,6859,1429,372,85124.78,2024-02-28,2024-05-16
CMP00468,Summer Webinar Drive 2025 #468,Webinar,19905.57,15036.7,262675,40297,7230,1033,23701.4,2022-02-01,2022-04-27
CMP00469,Retargeting Organic Accelerate 2025 #469,Organic,4917.18,3449.41,85661,5285,709,148,51805.14,2024-12-06,2025-01-16
CMP00470,Fall Referral Scale 2025 #470,Referral,7220.17,5179.78,401262,33426,8116,1393,314601.39,2023-10-15,2027-08-19
CMP00471,Spring Organic Scale 2026 #471,Organic,4027.89,2698.21,143334,6107,2022,324,54769.43,2024-01-19,2024-03-11
CMP00472,Q3 Events Drive 2024 #472,Events,113071.0,75996.18,88104,20689,6624,2091,,2024-03-15,2024-05-11
CMP00473,Q3 Organic Maximize 2025 #473,Organic,4932.1,2993.01,6844,472,132,11,4993.47,2022-05-17,2022-07-28
CMP00474,Awareness Referral Boost 2026 #474,Referral,1032.4,991.08,448972,50342,10003,3158,3386796.23,2022-02-04,2022-02-13
CMP00475,ABM Google Ads Convert 2023 #475,Google Ads,31073.67,20904.44,467077,18805,4492,326,18162.08,2023-06-19,2023-08-31
CMP00476,Retargeting Google Ads Drive 2026 #476,Google Ads,18845.51,12308.94,167395,5189,1207,93,3574.09,2022-09-06,2028-02-29
CMP00477,Fall Organic Grow 2023 #477,Organic,3296.52,2121.08,217219,11073,2490,461,138601.71,2024-01-24,2024-04-20
CMP00478,Launch Organic Scale 2026 #478,Organic,3758.67,2958.36,233260,14149,3174,402,57881.43,2022-09-29,2022-10-12
CMP00479,Awareness LinkedIn Convert 2024 #479,LinkedIn,39266.62,38725.49,144674,873,106,7,,2023-12-27,2024-03-19
CMP00480,Awareness Webinar Grow 2023 #480,Webinar,4227.67,3865.57,235401,29606,9487,2845,280802.42,2024-07-06,2024-07-19
CMP00481,ABM Email Accelerate 2024 #481,Email,4799.85,3443.57,119640,3257,737,45,13447.13,2023-11-20,2023-12-27
CMP00482,Q4 Organic Engage 2023 #482,Organic,3973.98,3973.51,437232,23583,5400,479,149169.84,2023-10-24,2023-12-13
CMP00483,Q2 Organic Grow 2023 #483,Organic,1994.59,1595.06,411128,31819,8675,1840,783893.4,2024-06-24,2024-09-05
CMP00484,Nurture Webinar Grow 2023 #484,Webinar,4238.81,6166.48,96895,16185,2784,706,138561.49,2024-01-29,2024-03-09
CMP00485,Fall Email Grow 2024 #485,Email,6824.94,4694.35,434904,10431,2549,255,66429.47,2024-08-18,2024-10-14
CMP00486,Winter Email Scale 2024 #486,Email,12822.89,9171.43,488515,15463,1896,188,,2025-04-12,2025-06-11
CMP00487,ABM Webinar Boost 2023 #487,Webinar,20598.53,20046.82,269212,47919,16067,3627,240692.1,2024-12-06,2024-12-17
CMP00488,ABM Events Engage 2024 #488,Events,190812.37,133256.95,351487,70701,13288,5730,40122.94,2024-12-04,2025-02-10
CMP00489,Summer Google Ads Scale 2026 #489,Google Ads,48020.65,41705.24,84468,3304,1001,90,1211.88,2025-10-14,2025-11-10
CMP00490,Q4 Events Maximize 2026 #490,Events,151646.16,94737.86,301864,71151,17944,6039,93312.96,2024-03-01,2024-03-13
CMP00491,Winter Email Maximize 2024 #491,Email,7581.6,7058.11,200284,5966,2093,144,6306.23,2024-03-04,2024-05-21
CMP00492,Retargeting Google Ads Engage 2026 #492,Google Ads,64107.73,63151.17,366536,16520,5411,373,3891.22,2022-10-17,2023-01-14
CMP00493,Fall Webinar Accelerate 2023 #493,Webinar,22952.69,17438.71,349897,45505,17798,2638,131699.53,2022-11-26,2023-02-19
CMP00494,Q3 Google Ads Boost 2026 #494,Google Ads,25709.9,16444.53,248146,6592,1274,71,1844.87,2023-12-04,2024-01-10
CMP00495,Q4 Referral Convert 2026 #495,Referral,5303.48,3263.81,346685,33227,5223,774,95883.81,2024-11-30,2024-12-08
CMP00496,Re-engagement Organic Engage 2023 #496,Organic,1132.62,1007.46,337747,14546,3755,377,112908.29,2023-10-26,2024-01-13
CMP00497,Retargeting Email Engage 2023 #497,Email,4880.32,3670.53,48351,1054,168,12,3851.38,2025-04-25,2025-06-27
CMP00498,Awareness Webinar Maximize 2024 #498,Webinar,7775.08,6964.45,161085,22432,7367,1755,141219.29,2024-08-29,2024-10-03
CMP00499,Nurture Events Boost 2026 #499,Events,130045.38,126240.78,146129,22145,8326,3222,19575.98,2024-02-11,2024-03-22
CMP00500,Launch Email Boost 2023 #500,Email,13486.26,12553.64,179061,4785,533,66,1734.03,2023-06-22,2027-08-20
